Date,Source,Boat Name,Trip Type,Anglers,Fish Count
2025-08-27,seaforth,New Seaforth,1/2 Day AM,49,"13 Calico Bass, 8 Sand Bass, 5 Bonito, 1 Rockfish"
2025-08-27,oceanside,Southern Cal,1/2 Day AM,34,"105 Rockfish, 54 Sculpin, 4 Bonito, 1 Whitefish"
2025-08-27,fisherman,Dolphin,1/2 Day PM,14,"150 Calico Bass Released, 44 Calico Bass, 24 Sheephead, 5 Rockfish, 1 Sand Bass, 1 Bonito"
2025-08-27,seaforth,New Seaforth,1/2 Day PM,23,"30 Calico Bass, 9 Bonito, 4 Sand Bass, 4 Yellowtail, 2 Whitefish, 1 Sheephead"
2025-08-27,hmlanding,Premier,1/2 Day PM,18,"88 Calico Bass Released, 31 Calico Bass, 10 Rockfish, 4 Sheephead, 1 Cabezon"
2025-08-27,seaforth,New Seaforth,1/2 Day Twilight,11,"12 Rockfish, 10 Calico Bass, 1 Bonito, 1 Sculpin, 1 Sheephead"
2025-08-27,fisherman,Bight 28 (SD),3/4 Day,2,"10 Yellowtail, 10 Calico Bass"
2025-08-27,oceanside,Sea Star,3/4 Day,12,"168 Calico Bass Released, 55 Barracuda Released, 23 Calico Bass, 4 Sculpin, 3 White Seabass Released, 2 Sheephead, 2 Black Seabass Released"
2025-08-27,hmlanding,Grande,Full Day,23,"73 Whitefish, 25 Rockfish, 13 Calico Bass, 8 Yellowtail"
2025-08-27,seaforth,San Diego,Full Day Coronado Islands,35,"163 Whitefish, 80 Rockfish, 35 Sculpin, 23 Calico Bass, 17 Yellowtail"
2025-08-27,seaforth,Sea Watch,Full Day Coronado Islands,11,"24 Calico Bass, 17 Whitefish, 14 Yellowtail, 6 Sculpin"
2025-08-27,hmlanding,Producer,Overnight,8,0
2025-08-27,hmlanding,Horizon,2 Day,25,60 Bluefin Tuna
2025-08-27,fisherman,Pacific Dawn,2 Day,17,43 Bluefin Tuna (up to 150 pounds)
2025-08-27,seaforth,Highliner,2.5 Day,17,"35 Bluefin Tuna, 9 Yellowtail, 1 Halibut"
2025-08-27,hmlanding,Ocean Odyssey,2.5 Day,18,29 Bluefin Tuna
2025-08-27,hmlanding,Top Gun 80,2.5 Day,25,"22 Bluefin Tuna, 1 Yellowtail"
2025-08-27,seaforth,Aztec,3 Day,17,"57 Bluefin Tuna, 2 Yellowtail"
2025-08-27,seaforth,Polaris Supreme,3 Day,20,114 Bluefin Tuna (up to 180 pounds)
2025-08-27,seaforth,Tribute,3 Day,23,69 Bluefin Tuna (up to 210 pounds)
2025-08-28,fisherman,Dolphin,1/2 Day AM,37,"52 Rockfish, 30 Calico Bass Released, 11 Calico Bass, 6 Bonito, 4 Sheephead, 1 Cabezon"
2025-08-28,seaforth,New Seaforth,1/2 Day AM,26,"6 Bonito, 4 Sheephead, 3 Calico Bass, 3 Yellowtail"
2025-08-28,oceanside,Southern Cal,1/2 Day AM,16,"36 Bonito, 36 Calico Bass Released, 8 Calico Bass, 1 Whitefish"
2025-08-28,fisherman,Dolphin,1/2 Day PM,15,"50 Calico Bass Released, 21 Calico Bass, 9 Rockfish, 3 Sheephead, 1 Bonito, 1 Cabezon"
2025-08-28,seaforth,New Seaforth,1/2 Day PM,29,"6 Calico Bass, 3 Bonito, 3 Rockfish, 2 Sand Bass, 1 Sheephead"
2025-08-28,seaforth,New Seaforth,1/2 Day Twilight,11,"6 Rockfish, 3 Calico Bass, 2 Sculpin, 1 Sheephead, 1 Whitefish"
2025-08-28,hmlanding,Grande,Full Day Coronado Islands,21,"45 Barracuda, 37 Whitefish, 18 Calico Bass, 12 Yellowtail, 7 Rockfish"
2025-08-28,pointloma,Mission Belle,Full Day,15,"65 Whitefish, 10 Calico Bass, 4 Sheephead"
2025-08-28,seaforth,San Diego,Full Day Coronado Islands,32,"102 Whitefish, 14 Yellowtail, 6 Calico Bass, 1 Lingcod"
2025-08-28,hmlanding,Daiwa Pacific,Overnight,21,0
2025-08-28,hmlanding,Old Glory,Overnight,14,0
2025-08-28,hmlanding,Producer,Overnight,21,"50 Rockfish, 30 Bocaccio, 22 Whitefish, 11 Red Rockfish, 6 Sculpin, 5 Lingcod, 5 Sheephead, 2 Yellowtail (up to 35 pounds)"
2025-08-28,hmlanding,Relentless,Overnight,18,0
2025-08-28,seaforth,Tribute,Overnight,31,9 Bluefin Tuna
2025-08-28,fisherman,Liberty,1.5 Day,20,39 Bluefin Tuna
2025-08-28,seaforth,Pacifica,1.5 Day,21,42 Bluefin Tuna (up to 220 pounds)
2025-08-28,fisherman,Tradition,1.5 Day,16,"80 Rockfish, 32 Bluefin Tuna"
2025-08-28,fisherman,Constitution,2 Day,16,40 Bluefin Tuna (up to 200 pounds)
2025-08-28,pointloma,New Lo-An,2 Day,21,84 Bluefin Tuna (up to 200 pounds)
2025-08-28,hmlanding,Legend,3.5 Day,21,"72 Bluefin Tuna, 2 Yellowtail"
2025-08-28,fisherman,Pacific Queen,3.5 Day,24,"144 Bluefin Tuna, 22 Yellowtail, 2 White Seabass"
2025-08-29,fisherman,Dolphin,1/2 Day AM,22,"25 Rockfish, 12 Whitefish, 7 Sheephead, 3 Calico Bass, 2 Sculpin, 1 Halibut, 1 Cabezon"
2025-08-29,hmlanding,Nautilus,1/2 Day AM,4,"11 Calico Bass, 9 Rockfish"
2025-08-29,hmlanding,Premier,1/2 Day AM,33,"46 Rockfish, 5 Sand Bass, 5 Calico Bass, 3 Sheephead, 1 Sculpin"
2025-08-29,oceanside,Sea Star,1/2 Day AM,3,"7 Whitefish, 6 Rockfish, 3 Sand Bass, 1 Calico Bass, 1 Sheephead"
2025-08-29,oceanside,Southern Cal,1/2 Day AM,15,"50 Calico Bass Released, 5 Calico Bass"
2025-08-29,fisherman,Dolphin,1/2 Day PM,27,"100 Calico Bass Released, 32 Calico Bass, 11 Rockfish, 6 Sheephead, 1 Cabezon, 1 White Seabass Released"
2025-08-29,hmlanding,Premier,1/2 Day PM,36,"75 Calico Bass Released, 27 Rockfish, 20 Calico Bass, 2 Sheephead, 2 Sculpin, 1 Sand Bass, 1 Barracuda, 1 Cabezon"
2025-08-29,oceanside,Chubasco II,1/2 Day Twilight,14,"10 Calico Bass Released, 9 Sand Bass Released, 7 Sand Bass, 7 Sculpin, 3 Calico Bass, 2 Whitefish, 1 Sheephead"
2025-08-29,seaforth,New Seaforth,1/2 Day Twilight,16,"4 Calico Bass, 2 Sculpin, 2 Sheephead, 1 Bonito, 1 Sand Bass"
2025-08-29,hmlanding,Premier,1/2 Day Twilight,27,"66 Rockfish, 10 Sculpin, 3 Sand Bass"
2025-08-29,oceanside,Chubasco II,3/4 Day,24,"128 Rockfish, 30 Bonito, 30 Calico Bass Released, 16 Whitefish, 8 Sheephead, 2 Calico Bass, 1 Lingcod"
2025-08-29,seaforth,El Gato Dos,Full Day Offshore,5,"2 Bluefin Tuna, 1 Yellowtail"
2025-08-29,hmlanding,Grande,Full Day Coronado Islands,40,"37 Whitefish, 18 Rockfish, 11 Calico Bass, 8 Bluefin Tuna"
2025-08-29,pointloma,Mission Belle,Full Day,16,"70 Whitefish, 12 Calico Bass, 5 Yellowtail"
2025-08-29,seaforth,New Seaforth,Full Day Coronado Islands,42,"200 Whitefish, 20 Sculpin, 5 Sheephead, 4 Yellowtail, 2 Calico Bass"
2025-08-29,pointloma,Point Loma,Full Day,17,"45 Whitefish, 26 Calico Bass, 5 Bluefin Tuna, 5 Sculpin, 5 Rockfish, 4 Barracuda, 3 Yellowtail, 1 Barred Sand Bass"
2025-08-29,seaforth,San Diego,Full Day Coronado Islands,32,"120 Whitefish, 8 Sculpin, 5 Bluefin Tuna, 4 Yellowtail"
2025-08-29,seaforth,Sea Watch,Full Day Coronado Islands,32,"128 Whitefish, 14 Sculpin, 4 Sheephead, 4 Yellowtail, 3 Calico Bass"
2025-08-29,pointloma,El Capitan,Overnight,18,"96 Rockfish, 36 Yellowtail, 1 Lingcod"
2025-08-29,hmlanding,Horizon,Overnight,18,"118 Whitefish, 55 Rockfish, 2 Yellowtail, 2 Sheephead, 2 Calico Bass, 1 Sand Bass"
2025-08-29,hmlanding,Old Glory,Overnight,24,"33 Bluefin Tuna, 1 Yellowfin Tuna"
2025-08-29,hmlanding,Producer,Overnight,22,0
2025-08-29,hmlanding,Relentless,Overnight,7,0
2025-08-29,seaforth,Tribute,Overnight,27,"30 Calico Bass, 20 Whitefish, 4 Yellowtail, 2 Sheephead, 1 Halibut"
2025-08-29,fisherman,Pacific Dawn,1.5 Day,17,19 Bluefin Tuna
2025-08-29,hmlanding,Top Gun 80,1.5 Day,19,21 Bluefin Tuna
2025-08-29,seaforth,Aztec,2 Day,25,54 Bluefin Tuna
2025-08-29,seaforth,Highliner,2 Day,24,55 Bluefin Tuna
2025-08-29,hmlanding,Excalibur,2.5 Day,26,67 Bluefin Tuna
2025-08-29,hmlanding,Poseidon,2.5 Day,25,0
2025-08-29,hmlanding,Ranger 85,2.5 Day,22,86 Bluefin Tuna
2025-08-29,fisherman,Tomahawk,2.5 Day,25,100 Bluefin Tuna (up to 120 pounds)
2025-08-29,seaforth,Pacific Voyager,3 Day,16,"96 Bluefin Tuna, 27 Yellowtail"
2025-08-29,fisherman,Fortune,3.5 Day,7,"42 Bluefin Tuna, 42 Sheephead"
2025-08-29,fisherman,Islander,3.5 Day,27,"58 Bluefin Tuna (up to 200 pounds), 8 Yellowtail"
2025-08-29,oceanside,Effishency,4 Hour,3,"14 Rockfish, 4 Calico Bass, 3 Whitefish"
2025-08-30,seaforth,New Seaforth,1/2 Day AM,30,"30 Calico Bass Released, 20 Sand Bass Released, 15 Calico Bass, 5 Sand Bass, 1 Sculpin, 1 Sheephead"
2025-08-30,oceanside,Sea Star,1/2 Day AM,3,"28 Calico Bass Released, 10 Calico Bass, 10 Black Seabass, 10 Black Seabass Released, 2 Sand Bass, 2 Sand Bass Released, 1 Whitefish, 1 Sheephead, 1 Sculpin, 1 Rockfish, 1 Sheephead Released"
2025-08-30,oceanside,Southern Cal,1/2 Day AM,26,"55 Calico Bass, 55 Calico Bass Released, 5 Whitefish, 5 Rockfish, 5 Bonito"
2025-08-30,seaforth,New Seaforth,1/2 Day PM,49,"50 Calico Bass Released, 22 Calico Bass, 2 Bonito, 1 Barracuda, 1 Rockfish, 1 Whitefish"
2025-08-30,oceanside,Blue Horizon,3/4 Day,9,"60 Rockfish, 11 Whitefish, 1 Sand Bass, 1 Calico Bass, 1 Sheephead"
2025-08-30,oceanside,Chubasco II,3/4 Day,23,"55 Bonito, 20 Calico Bass Released, 7 Whitefish, 5 Rockfish, 4 Calico Bass, 1 Sand Bass, 1 Sheephead"
2025-08-30,hmlanding,Patriot (SD),3/4 Day,12,"37 Whitefish, 12 Calico Bass Released, 9 Rockfish, 3 Sheephead, 2 Cabezon, 2 Sculpin"
2025-08-30,hmlanding,Alicia,Full Day Coronado Islands,12,"47 Rockfish, 38 Whitefish, 17 Sculpin, 2 Lingcod, 1 Yellowtail"
2025-08-30,pointloma,Daily Double,Full Day,22,"20 Rockfish, 5 Calico Bass, 4 Bonito, 4 Barred Sand Bass, 2 Sheephead, 1 Yellowtail, 1 Halibut"
2025-08-30,fisherman,Dolphin,Full Day,29,"100 Calico Bass Released, 54 Calico Bass, 12 Rockfish, 12 Bonito, 4 Sheephead, 2 Sand Bass"
2025-08-30,hmlanding,Grande,Full Day,31,"72 Rockfish, 4 Whitefish, 3 Bonito, 2 Yellowtail, 1 Calico Bass, 1 Sand Bass"
2025-08-30,hmlanding,Malihini,Full Day,25,"80 Rockfish, 60 Calico Bass Released, 12 Red Rockfish, 12 Whitefish, 2 Calico Bass, 1 Sheephead"
2025-08-30,pointloma,Mission Belle,Full Day,28,"70 Whitefish, 15 Calico Bass, 2 Sheephead"
2025-08-30,pointloma,Point Loma,Full Day,13,"11 Yellowtail, 10 Rockfish, 7 Calico Bass, 6 Bonito, 6 Whitefish, 1 Barred Sand Bass, 1 Sculpin"
2025-08-30,hmlanding,Premier,Full Day,32,"64 Red Rockfish, 27 Rockfish, 15 Calico Bass, 10 Bonito, 3 Sand Bass, 1 Sheephead, 1 Yellowtail"
2025-08-30,seaforth,San Diego,Full Day Coronado Islands,35,"175 Whitefish, 27 Rockfish, 22 Calico Bass, 13 Sculpin, 2 Yellowtail"
2025-08-30,seaforth,Sea Watch,Full Day Coronado Islands,23,"98 Whitefish, 21 Rockfish, 19 Calico Bass, 14 Sculpin, 7 Triggerfish"
2025-08-30,hmlanding,Vendetta 2,Full Day,22,0
2025-08-30,hmlanding,Old Glory,Overnight,35,"153 Rockfish, 7 Lingcod, 1 Bluefin Tuna"
2025-08-30,hmlanding,Producer,Overnight,27,6 Bluefin Tuna
2025-08-30,fisherman,Tradition,Overnight,18,0
2025-08-30,seaforth,Pacifica,1.5 Day,10,"6 Bluefin Tuna, 1 Yellowtail"
2025-08-30,hmlanding,Patriot (SD),1.5 Day,12,6 Yellowtail
2025-08-31,fisherman,Dolphin,1/2 Day AM,56,"75 Calico Bass Released, 54 Rockfish, 15 Calico Bass, 15 Sculpin, 12 Sheephead, 2 Halibut"
2025-08-31,seaforth,New Seaforth,1/2 Day AM,48,"50 Calico Bass Released, 30 Calico Bass, 11 Sand Bass, 1 Halibut, 1 Rockfish, 1 Yellowtail"
2025-08-31,oceanside,Sea Star,1/2 Day AM,10,"14 Calico Bass Released, 9 Rockfish, 5 Whitefish, 4 Sculpin Released, 3 Sand Bass, 2 Calico Bass, 1 Rubberlip Seaperch Released, 1 Black Seabass Released"
2025-08-31,oceanside,Southern Cal,1/2 Day AM,43,"40 Calico Bass Released, 15 Whitefish, 6 Calico Bass"
2025-08-31,fisherman,Dolphin,1/2 Day PM,51,"62 Rockfish, 50 Calico Bass Released, 18 Calico Bass, 8 Sculpin, 7 Sheephead, 7 Sand Bass, 2 Cabezon"
2025-08-31,seaforth,New Seaforth,1/2 Day PM,51,"40 Calico Bass Released, 18 Calico Bass, 15 Sand Bass Released, 6 Sand Bass"
2025-08-31,seaforth,New Seaforth,1/2 Day Twilight,49,"58 Rockfish, 30 Calico Bass Released, 29 Sculpin, 9 Calico Bass, 2 Sheephead"
2025-08-31,oceanside,Blue Horizon,3/4 Day,9,"55 Rockfish, 30 Calico Bass Released, 13 Bonito, 6 Calico Bass, 4 Whitefish, 1 Yellowtail, 1 Sand Bass"
2025-08-31,oceanside,Chubasco II,3/4 Day,32,"125 Rockfish, 56 Bonito, 40 Calico Bass Released, 28 Whitefish, 14 Sculpin, 11 Calico Bass, 1 Sheephead"
2025-08-31,seaforth,El Gato Dos,Full Day Offshore,6,4 Bluefin Tuna
2025-08-31,seaforth,San Diego,Full Day Offshore,27,"9 Bluefin Tuna, 2 Dorado"
2025-08-31,seaforth,Sea Watch,Full Day Coronado Islands,23,"21 Calico Bass, 19 Yellowtail"
2025-08-31,fisherman,Fortune,1.5 Day,15,12 Bluefin Tuna
2025-08-31,fisherman,Tomahawk,1.5 Day,29,9 Bluefin Tuna
2025-08-31,seaforth,Aztec,2 Day,20,21 Bluefin Tuna
2025-08-31,seaforth,Highliner,2 Day,24,39 Bluefin Tuna
2025-09-01,pointloma,Daily Double,1/2 Day AM,20,"37 Rockfish, 8 Calico Bass, 7 Whitefish, 3 Sculpin"
2025-09-01,fisherman,Dolphin,1/2 Day AM,53,"56 Rockfish, 25 Sand Bass, 19 Sculpin, 7 Sheephead, 3 Calico Bass"
2025-09-01,seaforth,New Seaforth,1/2 Day AM,51,"100 Calico Bass Released, 50 Sand Bass Released, 18 Calico Bass, 12 Sand Bass, 8 Sheephead, 5 Rockfish, 1 Halibut, 1 Sculpin"
2025-09-01,hmlanding,Premier,1/2 Day AM,41,"81 Rockfish, 60 Calico Bass Released, 12 Sand Bass, 7 Sculpin, 6 Calico Bass, 2 Sheephead, 1 Whitefish, 1 Halibut, 1 White Seabass"
2025-09-01,fisherman,Dolphin,1/2 Day PM,47,"81 Rockfish, 19 Sculpin, 8 Sand Bass, 7 Sheephead, 3 Calico Bass"
2025-09-01,seaforth,New Seaforth,1/2 Day PM,51,"50 Calico Bass Released, 19 Calico Bass, 3 Sheephead, 1 Bonito, 1 Rockfish, 1 Sand Bass"
2025-09-01,hmlanding,Premier,1/2 Day PM,22,"115 Calico Bass Released, 31 Calico Bass, 7 Rockfish, 1 Sheephead, 1 Yellowtail"
2025-09-01,seaforth,New Seaforth,1/2 Day Twilight,48,"40 Calico Bass Released, 34 Rockfish, 22 Sculpin, 19 Calico Bass, 4 Sand Bass"
2025-09-01,hmlanding,Premier,1/2 Day Twilight,31,0
2025-09-01,hmlanding,Malihini,3/4 Day,20,"175 Calico Bass Released, 41 Rockfish, 40 Red Rockfish, 25 Calico Bass, 5 Whitefish, 5 Sculpin, 3 Sheephead, 2 Cabezon"
2025-09-01,hmlanding,Alicia,Full Day,8,"44 Whitefish, 30 Rockfish, 13 Sculpin, 5 Yellowtail"
2025-09-01,hmlanding,Grande,Full Day Coronado Islands,41,"138 Rockfish, 47 Yellowtail, 43 Calico Bass, 27 Barracuda"
2025-09-01,fisherman,Lucky B Sportfishing,Full Day,3,"15 Vermilion Rockfish, 12 Yellowtail (up to 25 pounds)"
2025-09-01,pointloma,Mission Belle,Full Day,30,48 Yellowtail
2025-09-01,seaforth,San Diego,Full Day Offshore,23,3 Bluefin Tuna
2025-09-01,seaforth,Sea Watch,Full Day Offshore,25,1 Bluefin Tuna
2025-09-01,hmlanding,Old Glory,Overnight,32,3 Bluefin Tuna
2025-09-01,hmlanding,Producer,Overnight,29,11 Bluefin Tuna
2025-09-01,hmlanding,Vendetta 2,Overnight,13,20 Yellowtail
2025-09-01,seaforth,Cortez,1.5 Day,15,2 Bluefin Tuna
2025-09-01,seaforth,Pacifica,1.5 Day,28,11 Bluefin Tuna
2025-09-01,hmlanding,Patriot (SD),1.5 Day,6,1 Yellowtail
2025-09-01,fisherman,Liberty,2 Day,22,10 Bluefin Tuna
2025-09-01,pointloma,El Capitan,2.5 Day,18,"27 Yellowtail (up to 48 pounds), 7 Calico Bass"
2025-09-01,hmlanding,Excalibur,2.5 Day,23,"45 Whitefish, 38 Bluefin Tuna, 20 Sheephead, 2 Cabezon"
2025-09-01,hmlanding,Horizon,2.5 Day,25,"17 Bluefin Tuna, 10 Bonito"
2025-09-01,hmlanding,Nautilus,2.5 Day,5,"4 Yellowtail, 3 Bluefin Tuna (up to 160 pounds)"
2025-09-01,pointloma,Oceanside 95,2.5 Day,11,44 Bluefin Tuna (up to 160 pounds)
2025-09-01,hmlanding,Spirit of Adventure,2.5 Day,25,46 Bluefin Tuna
2025-09-01,fisherman,Islander,3 Day,25,64 Bluefin Tuna
2025-09-01,hmlanding,Ranger 85,3 Day,23,94 Bluefin Tuna
2025-09-01,fisherman,Constitution,3.5 Day,19,"40 Bluefin Tuna (up to 150 pounds), 5 Yellowtail, 4 Halibut"
2025-09-01,fisherman,Pacific Queen,3.5 Day,23,98 Bluefin Tuna (up to 140 pounds)
2025-09-02,seaforth,New Seaforth,1/2 Day AM,8,"40 Calico Bass Released, 6 Calico Bass, 2 Barracuda, 2 Sheephead, 2 Yellowtail"
2025-09-02,hmlanding,Premier,1/2 Day AM,28,"57 Rockfish, 4 Sheephead, 3 Whitefish, 1 Sand Bass, 1 Lingcod"
2025-09-02,oceanside,Southern Cal,1/2 Day AM,29,"40 Whitefish, 2 Sheephead, 2 Sculpin"
2025-09-02,seaforth,New Seaforth,1/2 Day PM,22,"50 Calico Bass Released, 13 Calico Bass, 5 Bonito, 3 Yellowtail"
2025-09-02,seaforth,New Seaforth,1/2 Day Twilight,29,"38 Rockfish, 8 Calico Bass, 8 Sculpin, 7 Sand Bass, 1 Whitefish"
2025-09-02,fisherman,Dolphin,Full Day,17,"17 Yellowtail, 12 Rockfish, 9 Calico Bass, 5 Sculpin"
2025-09-02,fisherman,Liberty,Full Day,25,"2 Bluefin Tuna, 2 Yellowfin Tuna, 2 Yellowtail"
2025-09-02,fisherman,Lucky B Sportfishing,Full Day,2,"10 Calico Bass, 4 Yellowtail"
2025-09-02,pointloma,Mission Belle,Full Day,20,27 Yellowtail
2025-09-02,seaforth,San Diego,Full Day Offshore,33,"3 Bluefin Tuna, 1 Dorado"
2025-09-02,seaforth,Sea Watch,Full Day Offshore,20,0
2025-09-02,hmlanding,Old Glory,Overnight,20,"45 Rockfish, 6 Lingcod, 1 Bluefin Tuna, 1 Dorado"
2025-09-02,seaforth,Highliner,1.5 Day,25,3 Bluefin Tuna
2025-09-02,hmlanding,Little G,1.5 Day,6,0
2025-09-02,seaforth,Tribute,1.5 Day,29,"17 Yellowfin Tuna, 5 Yellowtail, 2 Bluefin Tuna"
2025-09-02,seaforth,Voyager,1.5 Day,14,6 Bluefin Tuna
2025-09-02,pointloma,New Lo-An,2 Day,23,20 Bluefin Tuna (up to 130 pounds)
2025-09-02,fisherman,Tomahawk,2 Day,26,34 Bluefin Tuna
2025-09-02,hmlanding,Top Gun 80,3.5 Day,18,0
2025-09-03,fisherman,Dolphin,1/2 Day AM,11,"43 Rockfish, 9 Sheephead, 8 Sculpin, 6 Sand Bass, 2 Cabezon"
2025-09-03,seaforth,New Seaforth,1/2 Day AM,19,"14 Bonito, 8 Yellowtail, 5 Calico Bass, 2 Sand Bass, 1 Mako Shark, 1 Sheephead"
2025-09-03,fisherman,Dolphin,1/2 Day PM,14,"70 Sculpin, 23 Rockfish, 12 Sheephead, 8 Sand Bass, 6 Whitefish, 2 Cabezon"
2025-09-03,seaforth,New Seaforth,1/2 Day PM,21,"30 Calico Bass, 15 Yellowtail, 14 Bonito, 1 Sheephead"
2025-09-03,fisherman,Bight 28 (SD),3/4 Day,2,"4 Yellowtail, 1 Bluefin Tuna"
2025-09-03,oceanside,Sea Star,3/4 Day,11,"28 Calico Bass Released, 25 Sheephead Released, 12 Whitefish, 9 Calico Bass, 6 Rockfish, 6 Barracuda Released, 3 Sculpin, 3 Sheephead, 3 Sand Bass Released, 2 Sand Bass"
2025-09-03,fisherman,Liberty,Full Day,25,"8 Yellowfin Tuna, 1 Bluefin Tuna"
2025-09-03,seaforth,San Diego,Full Day Offshore,34,"20 Yellowfin Tuna, 1 Yellowtail"
2025-09-03,seaforth,Cortez,1.5 Day,20,"25 Yellowtail, 3 Yellowfin Tuna"
2025-09-03,fisherman,Fortune,3 Day,10,28 Bluefin Tuna
2025-09-03,seaforth,Pacific Voyager,3 Day,18,"14 Bluefin Tuna, 9 Yellowfin Tuna"
2025-09-04,seaforth,New Seaforth,1/2 Day AM,49,"17 Yellowtail, 15 Bonito, 15 Calico Bass, 4 Whitefish, 2 Sheephead"
2025-09-04,hmlanding,Premier,1/2 Day AM,10,"11 Sculpin, 5 Sand Bass, 5 Rockfish"
2025-09-04,oceanside,Southern Cal,1/2 Day AM,18,"40 Calico Bass Released, 6 Calico Bass, 5 Whitefish, 5 Sheephead, 5 Sheephead Released, 1 Halibut Released"
2025-09-04,fisherman,Dolphin,1/2 Day PM,20,"73 Sculpin, 15 Sand Bass, 5 Rockfish"
2025-09-04,seaforth,New Seaforth,1/2 Day PM,52,"20 Calico Bass, 16 Yellowtail, 9 Bonito, 6 Whitefish, 5 Rockfish, 3 Sheephead, 1 Halibut"
2025-09-04,hmlanding,Grande,Full Day Offshore,20,5 Yellowfin Tuna
2025-09-04,fisherman,Lucky B Sportfishing,Full Day,3,4 Yellowfin Tuna
2025-09-04,hmlanding,Malihini,Full Day Offshore,19,0
2025-09-04,pointloma,Mission Belle,Full Day,22,37 Yellowtail
2025-09-04,seaforth,San Diego,Full Day Offshore,34,3 Yellowfin Tuna
2025-09-04,hmlanding,Producer,Overnight,20,0
2025-09-04,hmlanding,Old Glory,1.5 Day,24,"42 Rockfish, 41 Calico Bass, 3 Yellowtail, 1 Sheephead"
2025-09-04,seaforth,Tribute,1.5 Day,25,1 Yellowfin Tuna
2025-09-04,seaforth,Pacifica,2 Day,22,"6 Yellowfin Tuna, 1 Dorado"
2025-09-04,hmlanding,Poseidon,2 Day,24,0
2025-09-04,hmlanding,Ranger 85,2.5 Day,21,"4 Bluefin Tuna, 4 Yellowfin Tuna, 1 Dorado"
2025-09-04,hmlanding,Excalibur,3 Day,27,"9 Bluefin Tuna, 7 Yellowtail, 2 Dorado, 1 Yellowfin Tuna"
2025-09-04,fisherman,Islander,3 Day,22,"20 Bluefin Tuna (up to 70 pounds), 8 Yellowfin Tuna"
2025-09-04,seaforth,Aztec,3.5 Day,17,"32 Bluefin Tuna, 27 Yellowfin Tuna, 2 Dorado"
2025-09-05,pointloma,Daily Double,1/2 Day AM,13,"26 Red Rockfish, 20 Rockfish, 15 Whitefish, 5 Sculpin, 3 Halibut"
2025-09-05,seaforth,New Seaforth,1/2 Day AM,53,"30 Calico Bass, 6 Whitefish, 3 Sheephead, 3 Yellowtail"
2025-09-05,hmlanding,Premier,1/2 Day AM,17,"33 Rockfish, 22 Sculpin, 16 Whitefish, 12 Sand Bass, 1 Bonito, 1 Halibut"
2025-09-05,oceanside,Southern Cal,1/2 Day AM,15,"70 Calico Bass Released, 10 Whitefish, 7 Sheephead, 5 Rockfish, 1 Calico Bass"
2025-09-05,seaforth,New Seaforth,1/2 Day PM,15,"11 Calico Bass, 5 Bonito, 4 Yellowtail, 2 Sand Bass"
2025-09-05,hmlanding,Premier,1/2 Day PM,19,"75 Rockfish, 5 Sculpin, 2 Lingcod"
2025-09-05,seaforth,New Seaforth,1/2 Day Twilight,28,"40 Calico Bass Released, 35 Rockfish, 14 Sculpin, 5 Calico Bass, 1 Bonito, 1 Yellowtail"
2025-09-05,oceanside,Chubasco II,3/4 Day,15,"110 Rockfish, 40 Calico Bass Released, 18 Whitefish, 12 Calico Bass, 5 Sheephead"
2025-09-05,hmlanding,Malihini,3/4 Day,14,"60 Calico Bass Released, 28 Rockfish, 28 Red Rockfish, 10 Sculpin, 3 Calico Bass, 3 White Seabass, 1 Sheephead"
2025-09-05,hmlanding,Alicia,Full Day Coronado Islands,10,"29 Rockfish, 19 Whitefish, 17 Calico Bass Released, 7 Sculpin, 5 Yellowtail, 4 Calico Bass, 3 Lingcod, 3 Sheephead"
2025-09-05,hmlanding,Grande,Full Day,26,"1 Bluefin Tuna, 1 Dorado, 1 Yellowtail"
2025-09-05,pointloma,Mission Belle,Full Day,30,"27 Whitefish, 15 Calico Bass, 13 Yellowtail, 10 Sculpin, 2 Red Rockfish"
2025-09-05,hmlanding,Nautilus,Full Day Coronado Islands,6,"6 Calico Bass, 1 Barracuda, 1 Bonito"
2025-09-05,hmlanding,Patriot (SD),Full Day Coronado Islands,9,"18 Whitefish, 10 Rockfish, 8 Calico Bass, 5 Sculpin, 1 Yellowtail"
2025-09-05,seaforth,San Diego,Full Day Coronado Islands,29,"81 Whitefish, 14 Rockfish, 14 Yellowtail, 9 Sculpin, 5 Sand Bass, 1 Lingcod"
2025-09-05,seaforth,Sea Watch,Full Day Offshore,20,1 Bluefin Tuna
2025-09-05,seaforth,Aztec,Overnight,28,1 Yellowfin Tuna
2025-09-05,seaforth,Highliner,Overnight,19,"51 Rockfish, 11 Yellowtail, 2 Lingcod"
2025-09-05,hmlanding,Old Glory,Overnight,14,0
2025-09-05,seaforth,Pacifica,Overnight,20,"11 Yellowfin Tuna, 2 Yellowtail"
2025-09-05,hmlanding,Producer,Overnight,18,"6 Bluefin Tuna, 6 Yellowfin Tuna"
2025-09-05,seaforth,Tribute,Overnight,28,0
2025-09-05,seaforth,Cortez,1.5 Day,14,"55 Calico Bass, 9 Whitefish, 3 Yellowtail, 2 Bonito, 1 Sheephead"
2025-09-05,hmlanding,Horizon,1.5 Day,26,"2 Yellowfin Tuna, 1 Bluefin Tuna"
2025-09-05,hmlanding,Legend,2 Day,23,"3 Yellowfin Tuna, 2 Dorado, 2 Bluefin Tuna"
2025-09-05,seaforth,Pacific Voyager,2 Day,12,7 Yellowtail
2025-09-05,hmlanding,Ocean Odyssey,2.5 Day,26,"12 Yellowfin Tuna, 10 Yellowtail, 2 Dorado, 1 Bluefin Tuna"
2025-09-05,fisherman,Pacific Dawn,2.5 Day,15,"14 Yellowfin Tuna, 4 Yellowtail, 2 Dorado"
2025-09-05,pointloma,New Lo-An,3 Day,18,"40 Yellowfin Tuna, 26 Yellowtail, 1 Bluefin Tuna, 1 Dorado"
2025-09-06,oceanside,Blue Horizon,1/2 Day AM,7,"100 Calico Bass Released, 22 Rockfish, 17 Sculpin, 3 Calico Bass"
2025-09-06,pointloma,Daily Double,1/2 Day AM,33,"87 Sculpin, 27 Rockfish, 3 Barred Sand Bass"
2025-09-06,fisherman,Dolphin,1/2 Day AM,47,"31 Sculpin, 12 Sand Bass, 10 Whitefish, 9 Rockfish"
2025-09-06,seaforth,New Seaforth,1/2 Day AM,52,"16 Bonito, 7 Calico Bass, 3 Sheephead, 2 Yellowtail, 1 Sand Bass, 1 Whitefish"
2025-09-06,oceanside,Southern Cal,1/2 Day AM,38,140 Rockfish
2025-09-06,pointloma,Daily Double,1/2 Day PM,32,"66 Sculpin, 3 Barred Sand Bass, 1 Halibut"
2025-09-06,fisherman,Dolphin,1/2 Day PM,38,"35 Rockfish, 8 Whitefish, 7 Sculpin, 2 Sand Bass, 2 Sheephead, 1 Calico Bass"
2025-09-06,seaforth,New Seaforth,1/2 Day PM,52,"40 Calico Bass Released, 14 Calico Bass, 9 Yellowtail, 6 Bonito, 2 Sculpin, 1 Rockfish, 1 Sand Bass, 1 Whitefish"
2025-09-06,seaforth,New Seaforth,1/2 Day Twilight,32,"37 Rockfish, 35 Sculpin, 15 Bonito, 8 Calico Bass, 2 Sand Bass, 2 Sheephead"
2025-09-06,oceanside,Chubasco II,3/4 Day,30,"280 Rockfish, 35 Calico Bass Released, 12 Sculpin, 8 Whitefish, 2 Calico Bass"
2025-09-06,hmlanding,Malihini,3/4 Day,31,"62 Red Rockfish, 36 Rockfish, 30 Calico Bass Released, 15 Barracuda Released, 5 Sculpin, 4 Calico Bass, 2 Whitefish, 1 Sheephead, 1 Rock Sole"
2025-09-06,hmlanding,Alicia,Full Day,9,"2 Yellowtail, 1 Bluefin Tuna"
2025-09-06,fisherman,Lucky B Sportfishing,Full Day,3,6 Bluefin Tuna
2025-09-06,pointloma,Mission Belle,Full Day,31,"52 Whitefish, 17 Calico Bass, 15 Rockfish, 9 Yellowtail, 7 Red Rockfish"
2025-09-06,hmlanding,Premier,Full Day,21,0
2025-09-06,seaforth,San Diego,Full Day Coronado Islands,12,34 Yellowtail
2025-09-06,seaforth,Sea Watch,Full Day Offshore,24,"4 Yellowfin Tuna, 1 Dorado"
2025-09-06,hmlanding,Vendetta 2,Full Day,23,0
2025-09-06,hmlanding,Grande,Overnight,25,"12 Yellowtail, 11 Yellowfin Tuna, 1 Bluefin Tuna, 1 Dorado"
2025-09-06,hmlanding,Nautilus,Overnight,5,2 Bluefin Tuna
2025-09-06,hmlanding,Old Glory,Overnight,35,1 Bluefin Tuna
2025-09-06,hmlanding,Producer,Overnight,18,"4 Bluefin Tuna, 2 Yellowfin Tuna, 1 Bonito, 1 Dorado"
2025-09-06,fisherman,Tradition,Overnight,29,"2 Bluefin Tuna, 1 Dorado"
2025-09-06,fisherman,Tomahawk,1.5 Day,30,23 Yellowfin Tuna
2025-09-06,seaforth,Voyager,1.5 Day,12,"15 Yellowtail, 6 Yellowfin Tuna"
2025-09-07,fisherman,Dolphin,1/2 Day AM,55,"74 Sculpin, 39 Sand Bass, 10 Rockfish"
2025-09-07,hmlanding,Premier,1/2 Day AM,55,"35 Sculpin, 33 Rockfish, 2 Sand Bass"
2025-09-07,oceanside,Southern Cal,1/2 Day AM,23,"60 Calico Bass Released, 7 Calico Bass, 2 Sheephead"
2025-09-07,fisherman,Dolphin,1/2 Day PM,47,"40 Rockfish, 25 Sculpin, 7 Sand Bass"
2025-09-07,hmlanding,Premier,1/2 Day PM,35,"100 Calico Bass Released, 45 Rockfish, 25 Calico Bass, 6 Sheephead, 2 Sculpin"
2025-09-07,seaforth,New Seaforth,1/2 Day Twilight,51,"60 Sculpin, 40 Calico Bass Released, 25 Rockfish, 19 Bonito, 7 Calico Bass, 2 Sand Bass, 1 Yellowtail"
2025-09-07,oceanside,Chubasco II,3/4 Day,15,"75 Bonito, 50 Rockfish, 30 Calico Bass Released, 10 Sheephead, 8 Whitefish, 2 Calico Bass"
2025-09-07,pointloma,Daily Double,3/4 Day Local,14,"27 Rockfish, 6 Calico Bass, 3 Yellowtail, 3 Whitefish, 2 Bonito, 1 Lingcod, 1 Sheephead"
2025-09-07,hmlanding,Malihini,3/4 Day,13,"51 Rockfish, 26 Red Rockfish, 15 Sculpin, 13 Whitefish, 2 Halibut, 2 Calico Bass Released, 2 Sand Bass Released, 1 Sheephead, 1 Lingcod"
2025-09-07,seaforth,New Seaforth,3/4 Day,40,"20 Calico Bass, 8 Sheephead, 7 Sand Bass, 4 Whitefish, 4 Yellowtail, 3 Bonito, 2 Rockfish, 2 Sculpin, 1 Halibut"
2025-09-07,hmlanding,Alicia,Full Day,11,7 Bluefin Tuna
2025-09-07,hmlanding,Grande,Full Day Coronado Islands,40,"46 Rockfish, 40 Whitefish, 11 Calico Bass, 9 Yellowtail, 2 Lingcod"
2025-09-07,fisherman,Lucky B Sportfishing,Full Day,4,"7 Bluefin Tuna, 1 Dorado, 1 Yellowfin Tuna"
2025-09-07,pointloma,Mission Belle,Full Day,30,"31 Yellowtail, 25 Whitefish, 19 Calico Bass"
2025-09-07,seaforth,San Diego,Full Day Offshore,35,3 Yellowfin Tuna
2025-09-07,seaforth,Sea Watch,Full Day Offshore,30,7 Bluefin Tuna
2025-09-07,hmlanding,Old Glory,Overnight,32,"97 Rockfish, 2 Lingcod, 1 Dorado"
2025-09-07,hmlanding,Producer,Overnight,18,0
2025-09-07,fisherman,Tradition,Overnight,12,"3 Bonito, 2 Dorado"
2025-09-07,hmlanding,Daiwa Pacific,1.5 Day,18,"67 Rockfish, 30 Calico Bass Released, 8 Whitefish, 6 Red Rockfish, 4 Calico Bass, 3 Sheephead, 3 Bonito"
2025-09-07,hmlanding,Horizon,1.5 Day,26,"45 Bonito, 12 Bluefin Tuna, 5 Yellowtail"
2025-09-07,hmlanding,Ocean Odyssey,1.5 Day,26,21 Bluefin Tuna
2025-09-07,fisherman,Pacific Dawn,1.5 Day,18,0
2025-09-07,seaforth,Pacifica,1.5 Day,20,"1 Bluefin Tuna, 1 Dorado, 1 Yellowfin Tuna"
2025-09-07,hmlanding,Patriot (SD),1.5 Day,12,0
2025-09-07,seaforth,Tribute,1.5 Day,30,"10 Bluefin Tuna, 3 Yellowtail"
2025-09-07,seaforth,Highliner,2 Day,24,"40 Sculpin, 30 Rockfish, 16 Yellowtail, 13 Yellowfin Tuna, 11 Whitefish, 10 Calico Bass, 4 Sheephead, 2 Cabezon, 1 Lingcod"
2025-09-07,seaforth,Pacific Voyager,2 Day,20,19 Bluefin Tuna
2025-09-07,hmlanding,Excalibur,2.5 Day,27,"43 Bluefin Tuna, 20 Whitefish, 3 Yellowtail"
2025-09-07,fisherman,Liberty,2.5 Day,23,"42 Bonito, 25 Bluefin Tuna"
2025-09-07,hmlanding,Poseidon,2.5 Day,25,"44 Bluefin Tuna, 20 Bonito, 2 Yellowfin Tuna, 1 Yellowtail"
2025-09-07,fisherman,Islander,3 Day,24,28 Bluefin Tuna (up to 90 pounds)
2025-09-07,hmlanding,Ranger 85,3 Day,22,"62 Bluefin Tuna, 25 Bonito, 3 Yellowtail"
2025-09-07,hmlanding,Sea Adventure 80,3.5 Day,20,"10 Yellowtail, 4 Yellowfin Tuna, 4 Dorado, 1 Bluefin Tuna"
2025-09-08,seaforth,New Seaforth,1/2 Day AM,48,"100 Calico Bass Released, 34 Calico Bass, 6 Yellowtail, 5 Sheephead, 2 Bonito, 2 Sand Bass, 2 Sculpin"
2025-09-08,hmlanding,Premier,1/2 Day AM,19,"31 Sculpin, 20 Rockfish, 2 Sand Bass, 1 Lingcod"
2025-09-08,oceanside,Southern Cal,1/2 Day AM,12,"20 Sand Bass Released, 4 Whitefish, 2 Sand Bass, 2 Sheephead Released, 1 Sculpin"
2025-09-08,fisherman,Dolphin,1/2 Day PM,10,"21 Rockfish, 10 Sheephead, 4 Calico Bass, 2 Cabezon, 2 Sculpin, 1 Sand Bass"
2025-09-08,seaforth,New Seaforth,1/2 Day PM,40,"75 Calico Bass Released, 26 Calico Bass, 4 Yellowtail, 2 Bonito, 2 Whitefish, 1 Rockfish"
2025-09-08,hmlanding,Premier,1/2 Day PM,19,"50 Calico Bass Released, 32 Calico Bass, 1 Rockfish"
2025-09-08,hmlanding,Grande,Full Day Coronado Islands,17,"33 Rockfish, 11 Yellowtail, 1 Bonito"
2025-09-08,pointloma,Mission Belle,Full Day,27,"54 Whitefish, 20 Yellowtail, 12 Rockfish, 1 Lingcod"
2025-09-08,seaforth,San Diego,Full Day Offshore,33,"4 Yellowfin Tuna, 1 Bluefin Tuna"
2025-09-08,seaforth,Sea Watch,Full Day Offshore,9,10 Bluefin Tuna
2025-09-08,hmlanding,Old Glory,Overnight,18,54 Rockfish
2025-09-08,hmlanding,Producer,Overnight,20,1 Bluefin Tuna
2025-09-08,hmlanding,Nautilus,1.5 Day,6,"2 Bluefin Tuna, 1 Dorado"
2025-09-08,seaforth,Cortez,2.5 Day,16,"80 Rockfish, 70 Calico Bass, 10 Bluefin Tuna, 1 White Seabass, 1 Yellowtail"
2025-09-08,hmlanding,Legend,2.5 Day,17,"21 Bluefin Tuna, 9 Yellowtail"
2025-09-08,hmlanding,Top Gun 80,2.5 Day,17,"200 Rockfish, 25 Bonito, 9 Bluefin Tuna"
2025-09-09,oceanside,Chubasco II,1/2 Day AM,14,"140 Rockfish, 8 Bonito, 1 Whitefish"
2025-09-09,seaforth,New Seaforth,1/2 Day AM,46,"9 Calico Bass, 6 Whitefish, 5 Bonito, 2 Rockfish, 2 Sculpin, 2 Sheephead"
2025-09-09,oceanside,Southern Cal,1/2 Day AM,10,50 Rockfish
2025-09-09,seaforth,El Gato Dos,1/2 Day PM,5,"5 Calico Bass, 1 Sand Bass"
2025-09-09,seaforth,New Seaforth,1/2 Day PM,46,"50 Calico Bass Released, 28 Calico Bass, 25 Sand Bass Released, 16 Bonito, 3 Sand Bass, 1 Sculpin, 1 Sheephead"
2025-09-09,hmlanding,Premier,1/2 Day PM,16,"50 Calico Bass Released, 23 Calico Bass, 3 Rockfish, 1 Sheephead, 1 Bonito"
2025-09-09,oceanside,Blue Horizon,3/4 Day,17,"55 Rockfish, 50 Calico Bass Released, 35 Mackerel, 20 Sanddab, 9 Calico Bass, 8 Whitefish, 5 Bonito, 2 Sculpin"
2025-09-09,hmlanding,Grande,Full Day Coronado Islands,10,"46 Rockfish, 8 Barracuda, 7 Yellowtail, 1 Bonito"
2025-09-09,seaforth,San Diego,Full Day Coronado Islands,28,"31 Yellowtail, 11 Calico Bass, 1 Bluefin Tuna"
2025-09-09,hmlanding,Horizon,1.5 Day,27,0
2025-09-09,seaforth,Tribute,1.5 Day,30,"25 Bluefin Tuna, 1 Yellowfin Tuna"
2025-09-09,hmlanding,Excalibur,2 Day,25,"30 Bonito, 20 Whitefish, 15 Bluefin Tuna, 10 Sheephead, 1 Yellowtail"
2025-09-09,seaforth,Highliner,2 Day,24,1 Bluefin Tuna
2025-09-09,seaforth,Pacific Voyager,2 Day,14,"30 Triggerfish, 12 Yellowtail"
2025-09-09,seaforth,Pacifica,2 Day,16,2 Bluefin Tuna
2025-09-09,seaforth,Polaris Supreme,2 Day,14,27 Bluefin Tuna
2025-09-10,seaforth,New Seaforth,1/2 Day AM,19,"13 Calico Bass, 2 Sand Bass"
2025-09-10,hmlanding,Premier,1/2 Day AM,28,"62 Rockfish, 15 Sculpin, 2 Sand Bass, 2 Sheephead"
2025-09-10,oceanside,Southern Cal,1/2 Day AM,13,"55 Calico Bass Released, 6 Calico Bass, 5 Sheephead"
2025-09-10,seaforth,New Seaforth,1/2 Day PM,30,"31 Calico Bass, 3 Barracuda, 3 Bonito, 2 Whitefish, 1 Rockfish"
2025-09-10,seaforth,El Gato Dos,Full Day Offshore,6,"7 Yellowtail, 2 Bluefin Tuna"
2025-09-10,seaforth,San Diego,Full Day Coronado Islands,33,"21 Yellowtail, 3 Barracuda, 2 Bluefin Tuna"
2025-09-10,hmlanding,Ocean Odyssey,1.5 Day,27,"54 Bluefin Tuna, 2 Yellowtail"
2025-09-10,fisherman,Tomahawk,1.5 Day,15,0
2025-09-10,fisherman,Liberty,2 Day,21,"3 Bluefin Tuna, 2 Yellowtail, 1 Dorado"
2025-09-10,seaforth,Aztec,3 Day,20,"25 Bluefin Tuna, 5 Yellowtail"
2025-09-10,fisherman,Islander,3 Day,22,0
2025-09-11,fisherman,Dolphin,1/2 Day AM,21,"53 Rockfish, 4 Sheephead, 2 Sculpin"
2025-09-11,seaforth,New Seaforth,1/2 Day AM,27,"15 Whitefish, 8 Rockfish, 4 Calico Bass, 4 Sculpin, 3 Vermilion Rockfish, 1 Sheephead"
2025-09-11,hmlanding,Premier,1/2 Day AM,38,0
2025-09-11,oceanside,Southern Cal,1/2 Day AM,18,"30 Calico Bass Released, 15 Bonito, 3 Calico Bass, 1 Yellowtail"
2025-09-11,fisherman,Dolphin,1/2 Day PM,26,"64 Rockfish, 37 Sheephead, 7 Calico Bass, 2 Sculpin, 2 Sand Bass"
2025-09-11,seaforth,New Seaforth,1/2 Day PM,33,"13 Calico Bass, 5 Rockfish, 2 Sheephead, 1 Whitefish"
2025-09-11,hmlanding,Grande,Full Day Coronado Islands,26,"86 Rockfish, 13 Calico Bass, 11 Yellowtail"
2025-09-11,pointloma,Mission Belle,Full Day,20,"40 Rockfish, 30 Whitefish, 12 Calico Bass"
2025-09-11,pointloma,Point Loma,Full Day,11,"22 Whitefish, 20 Rockfish, 4 Lingcod, 2 Yellowtail"
2025-09-11,seaforth,San Diego,Full Day Coronado Islands,35,"40 Rockfish, 13 Calico Bass, 1 Bluefin Tuna, 1 Yellowtail"
2025-09-11,seaforth,Pacific Voyager,2 Day,13,41 Bluefin Tuna
2025-09-11,seaforth,Polaris Supreme,2 Day,17,"45 Bluefin Tuna, 1 Yellowtail"
2025-09-12,oceanside,Chubasco II,1/2 Day AM,5,"50 Rockfish, 14 Whitefish, 6 Bonito"
2025-09-12,pointloma,Daily Double,1/2 Day AM,24,"60 Rockfish, 6 Sheephead, 3 Whitefish, 3 Sculpin, 1 Calico Bass"
2025-09-12,fisherman,Dolphin,1/2 Day AM,25,"121 Rockfish, 20 Sheephead, 14 Sculpin, 4 Sand Bass, 1 Calico Bass"
2025-09-12,hmlanding,Premier,1/2 Day AM,27,"81 Rockfish, 2 Sculpin, 1 Lingcod"
2025-09-12,oceanside,Southern Cal,1/2 Day AM,21,"35 Calico Bass Released, 10 Bonito, 5 Calico Bass, 3 Sheephead"
2025-09-12,pointloma,Daily Double,1/2 Day PM,15,"25 Calico Bass, 7 Sheephead, 5 Rockfish, 1 Sculpin"
2025-09-12,fisherman,Dolphin,1/2 Day PM,24,"76 Rockfish, 9 Sheephead, 8 Sculpin, 2 Calico Bass, 1 Sand Bass"
2025-09-12,hmlanding,Premier,1/2 Day PM,28,"63 Rockfish, 11 Calico Bass, 3 Sculpin, 1 Sheephead"
2025-09-12,seaforth,New Seaforth,1/2 Day Twilight,23,"55 Rockfish, 20 Calico Bass Released, 9 Sculpin, 3 Calico Bass"
2025-09-12,hmlanding,Grande,Full Day Coronado Islands,27,"48 Rockfish, 3 Yellowtail, 2 Bluefin Tuna"
2025-09-12,hmlanding,Malihini,Full Day Coronado Islands,17,"85 Whitefish, 77 Rockfish, 4 Lingcod, 2 Bluefin Tuna, 2 Sculpin"
2025-09-12,pointloma,Mission Belle,Full Day,11,"50 Whitefish, 6 Red Rockfish, 1 Calico Bass, 1 Yellowtail, 1 Sheephead"
2025-09-12,hmlanding,Nautilus,Full Day,5,60 Rockfish
2025-09-12,seaforth,New Seaforth,Full Day Offshore,23,"3 Yellowfin Tuna, 2 Bluefin Tuna"
2025-09-12,seaforth,San Diego,Full Day Coronado Islands,14,3 Yellowtail
2025-09-12,seaforth,Sea Watch,Full Day Offshore,22,3 Bluefin Tuna
2025-09-12,hmlanding,Tradition,Full Day Offshore,21,"150 Rockfish, 18 Sculpin, 1 Lingcod, 1 Sheephead"
2025-09-12,hmlanding,Vendetta 2,Full Day,21,0
2025-09-12,hmlanding,Old Glory,Overnight,13,"52 Calico Bass, 6 Whitefish, 4 Sheephead"
2025-09-12,hmlanding,Producer,Overnight,19,13 Bluefin Tuna
2025-09-12,hmlanding,Ocean Odyssey,1.5 Day,28,29 Bluefin Tuna
2025-09-12,seaforth,Pacifica,1.5 Day,29,46 Bluefin Tuna
2025-09-12,seaforth,Aztec,2 Day,16,64 Bluefin Tuna
2025-09-12,hmlanding,Relentless,3.5 Day,10,0
2025-09-13,pointloma,Daily Double,1/2 Day AM,38,"106 Rockfish, 50 Sculpin, 8 Whitefish"
2025-09-13,fisherman,Dolphin,1/2 Day AM,55,"57 Rockfish, 4 Sheephead, 2 Sculpin, 2 Lingcod, 1 Sand Bass, 1 Cabezon, 1 Calico Bass"
2025-09-13,seaforth,New Seaforth,1/2 Day AM,45,"26 Rockfish, 2 Calico Bass, 1 Sand Bass, 1 Sheephead"
2025-09-13,fisherman,Dolphin,1/2 Day PM,44,"98 Rockfish, 15 Sheephead, 12 Sculpin, 7 Sand Bass, 2 Lingcod, 1 Calico Bass"
2025-09-13,seaforth,New Seaforth,1/2 Day PM,50,"45 Bonito, 5 Rockfish, 4 Whitefish, 2 Sheephead"
2025-09-13,hmlanding,Alicia,3/4 Day,6,40 Rockfish
2025-09-13,oceanside,Chubasco II,3/4 Day,24,"125 Rockfish, 60 Bonito, 20 Sculpin, 12 Calico Bass Released, 3 Calico Bass, 1 Mako Shark"
2025-09-13,pointloma,Mission Belle,Full Day,22,"35 Whitefish, 20 Sculpin, 9 Yellowtail, 6 Calico Bass, 2 Barracuda"
2025-09-13,pointloma,Point Loma,Full Day,18,"28 Calico Bass, 13 Rockfish, 13 Sheephead, 6 Whitefish, 2 Yellowtail, 2 Bonito"
2025-09-13,seaforth,San Diego,Full Day Coronado Islands,23,"80 Whitefish, 30 Rockfish, 22 Sand Bass, 13 Calico Bass, 2 Halibut, 2 Yellowtail"
2025-09-13,seaforth,Sea Watch,Full Day Offshore,24,0
2025-09-13,hmlanding,Vendetta 2,Full Day Coronado Islands,23,0
2025-09-13,hmlanding,Daiwa Pacific,Overnight,11,0
2025-09-13,hmlanding,Grande,Overnight,24,1 Bluefin Tuna
2025-09-13,hmlanding,Old Glory,Overnight,30,9 Bluefin Tuna
2025-09-13,hmlanding,Producer,Overnight,27,"150 Rockfish, 10 Lingcod, 3 Bluefin Tuna"
2025-09-13,hmlanding,Relentless,Overnight,15,0
2025-09-13,fisherman,Tradition,Overnight,24,"105 Bonito, 30 Calico Bass, 1 Yellowtail"
2025-09-13,hmlanding,Excalibur,2 Day,25,20 Bluefin Tuna
2025-09-13,fisherman,Fortune,2.5 Day,13,"34 Bluefin Tuna, 2 Yellowtail"
2025-09-13,pointloma,New Lo-An,3 Day,13,78 Bluefin Tuna (up to 150 pounds)
2025-09-14,pointloma,Daily Double,1/2 Day AM,26,"110 Sculpin, 72 Rockfish, 2 Whitefish, 1 Sheephead"
2025-09-14,hmlanding,Daiwa Pacific,1/2 Day AM,13,"26 Red Rockfish, 10 Sanddab, 5 Rockfish, 3 Whitefish, 2 Lingcod, 1 Rubberlip Seaperch, 1 Sheephead, 1 Calico Bass"
2025-09-14,fisherman,Dolphin,1/2 Day AM,54,"125 Rockfish, 9 Sheephead, 1 Sand Bass, 1 Calico Bass"
2025-09-14,seaforth,New Seaforth,1/2 Day AM,47,"7 Yellowtail, 6 Calico Bass, 5 Whitefish, 3 Sculpin, 1 Bonito, 1 Rockfish, 1 Sand Bass, 1 Sheephead"
2025-09-14,oceanside,Southern Cal,1/2 Day AM,16,"60 Calico Bass Released, 40 Rockfish, 4 Calico Bass, 2 Bonito"
2025-09-14,fisherman,Dolphin,1/2 Day PM,55,"97 Rockfish, 15 Sheephead, 9 Sculpin, 1 Sand Bass"
2025-09-14,seaforth,New Seaforth,1/2 Day PM,49,"100 Calico Bass Released, 20 Calico Bass, 3 Bonito, 3 Yellowtail, 2 Rockfish, 1 Sheephead"
2025-09-14,oceanside,Chubasco II,1/2 Day Twilight,15,"32 Bonito, 18 Sculpin, 12 Calico Bass Released, 6 Calico Bass, 5 Rockfish, 5 Whitefish, 1 Sheephead"
2025-09-14,seaforth,New Seaforth,1/2 Day Twilight,34,105 Bonito
2025-09-14,oceanside,Chubasco II,3/4 Day,15,"125 Rockfish, 75 Bonito, 30 Calico Bass Released, 12 Sculpin, 8 Whitefish, 4 Calico Bass, 1 Sheephead"
2025-09-14,hmlanding,Alicia,Full Day Offshore,14,0
2025-09-14,hmlanding,Grande,Full Day Offshore,28,0
2025-09-14,hmlanding,Malihini,Full Day Coronado Islands,25,"153 Rockfish, 48 Whitefish, 17 Lingcod, 17 Sculpin, 5 Red Rockfish, 3 Sheephead, 1 Yellowtail, 1 Halibut"
2025-09-14,pointloma,Mission Belle,Full Day,17,"69 Whitefish, 10 Rockfish, 7 Sculpin, 2 Calico Bass, 1 Sheephead"
2025-09-14,pointloma,Point Loma,Full Day,19,"52 Whitefish, 22 Rockfish, 6 Sculpin, 5 Calico Bass, 3 Yellowtail, 3 Lingcod"
2025-09-14,hmlanding,Premier,Full Day,28,"75 Calico Bass Released, 52 Red Rockfish, 15 Calico Bass, 15 Rockfish, 2 Sheephead, 1 Sand Bass"
2025-09-14,seaforth,San Diego,Full Day Coronado Islands,14,"45 Calico Bass, 40 Rockfish, 40 Whitefish, 15 Sand Bass, 8 Sheephead"
2025-09-14,hmlanding,Old Glory,Overnight,18,"124 Rockfish, 10 Lingcod"
2025-09-14,hmlanding,Producer,Overnight,28,"100 Rockfish, 12 Lingcod, 7 Bluefin Tuna"
2025-09-14,hmlanding,Nautilus,1.5 Day,6,"12 Rockfish, 8 Bluefin Tuna, 2 Lingcod"
2025-09-14,hmlanding,Ocean Odyssey,1.5 Day,26,29 Bluefin Tuna
2025-09-14,pointloma,Oceanside 95,1.5 Day,27,"43 Bluefin Tuna (up to 50 pounds), 2 Yellowtail"
2025-09-14,pointloma,El Capitan,2 Day,18,"85 Calico Bass, 75 Rockfish, 14 Bluefin Tuna, 6 Yellowtail, 1 Halibut"
2025-09-14,fisherman,Liberty,2 Day,17,68 Bluefin Tuna
2025-09-14,fisherman,Pacific Dawn,2 Day,15,40 Bluefin Tuna
2025-09-14,seaforth,Pacific Voyager,2 Day,19,76 Bluefin Tuna
2025-09-14,seaforth,Pacifica,2 Day,26,104 Bluefin Tuna
2025-09-14,fisherman,Tomahawk,2 Day,15,30 Bluefin Tuna
2025-09-14,fisherman,Constitution,2.5 Day,23,"25 Bluefin Tuna, 2 Yellowtail"
2025-09-14,hmlanding,Sea Adventure 80,2.5 Day,28,"15 Yellowfin Tuna, 4 Yellowtail, 1 Bluefin Tuna, 1 Dorado"
2025-09-14,fisherman,Islander,3 Day,20,40 Bluefin Tuna
2025-09-14,fisherman,Pacific Queen,3 Day,26,138 Bluefin Tuna
2025-09-14,seaforth,Polaris Supreme,3 Day,24,106 Bluefin Tuna
2025-09-14,hmlanding,Top Gun 80,5 Day,16,0
2025-09-15,fisherman,Dolphin,1/2 Day AM,16,"38 Rockfish, 9 Sheephead, 5 Sculpin, 1 Cabezon"
2025-09-15,seaforth,New Seaforth,1/2 Day AM,17,"15 Calico Bass, 6 Bonito, 2 Sand Bass, 1 Whitefish, 1 Yellowtail"
2025-09-15,fisherman,Dolphin,1/2 Day PM,8,"20 Calico Bass Released, 16 Sheephead, 14 Rockfish, 6 Calico Bass, 4 Sculpin"
2025-09-15,seaforth,New Seaforth,1/2 Day PM,24,"100 Calico Bass Released, 22 Calico Bass, 5 Bonito, 5 Yellowtail, 2 Sheephead, 1 Sand Bass"
2025-09-15,hmlanding,Premier,1/2 Day PM,12,"37 Sculpin, 31 Rockfish, 24 Red Rockfish, 2 Sand Bass, 1 Calico Bass"
2025-09-15,seaforth,El Gato Dos,Full Day Offshore,6,"6 Bluefin Tuna, 1 Dorado"
2025-09-15,seaforth,San Diego,Full Day Coronado Islands,11,"35 Whitefish, 18 Rockfish, 16 Yellowtail, 15 Sculpin, 1 Lingcod"
2025-09-15,seaforth,Sea Watch,Full Day Coronado Islands,10,"31 Rockfish, 19 Whitefish, 10 Sculpin, 7 Calico Bass, 6 Sheephead, 2 Lingcod, 1 Yellowtail"
2025-09-15,hmlanding,Old Glory,Overnight,17,20 Bluefin Tuna
2025-09-15,fisherman,Fortune,1.5 Day,10,20 Bluefin Tuna
2025-09-15,fisherman,Tradition,1.5 Day,18,21 Bluefin Tuna
2025-09-15,hmlanding,Vendetta 2,1.5 Day,15,9 Bluefin Tuna
2025-09-15,pointloma,New Lo-An,2 Day,12,48 Bluefin Tuna (up to 50 pounds)
2025-09-15,seaforth,Aztec,2.5 Day,27,108 Bluefin Tuna
2025-09-15,seaforth,Highliner,2.5 Day,22,88 Bluefin Tuna
2025-09-15,hmlanding,Patriot (SD),2.5 Day,8,"84 Rockfish, 43 Whitefish, 28 Bluefin Tuna, 7 Red Rockfish, 2 Sheephead"
2025-09-15,hmlanding,Ranger 85,2.5 Day,14,56 Bluefin Tuna
2025-09-16,seaforth,New Seaforth,1/2 Day AM,19,"50 Calico Bass Released, 7 Calico Bass, 5 Whitefish, 3 Bonito, 3 Halibut, 3 Sand Bass, 2 Yellowtail, 1 Rockfish, 1 Sheephead"
2025-09-16,oceanside,Southern Cal,1/2 Day AM,15,"120 Rockfish, 2 Sculpin, 2 Whitefish"
2025-09-16,seaforth,New Seaforth,1/2 Day PM,47,"50 Calico Bass Released, 20 Bonito, 17 Calico Bass, 6 Rockfish, 5 Yellowtail, 3 Sheephead, 1 Sand Bass"
2025-09-16,fisherman,Dolphin,Full Day,18,"115 Rockfish, 20 Yellowtail, 9 Sheephead, 3 Lingcod, 1 Bluefin Tuna"
2025-09-16,hmlanding,Premier,Full Day,27,"250 Rockfish, 1 Lingcod"
2025-09-16,seaforth,San Diego,Full Day Offshore,36,6 Bluefin Tuna
2025-09-16,hmlanding,Horizon,1.5 Day,26,"52 Bluefin Tuna, 45 Calico Bass, 12 Sheephead"
2025-09-16,seaforth,Pacifica,1.5 Day,15,"60 Bluefin Tuna, 5 White Seabass"
2025-09-16,fisherman,Constitution,2 Day,19,76 Bluefin Tuna (up to 100 pounds)
2025-09-16,hmlanding,Excalibur,2 Day,21,84 Bluefin Tuna
2025-09-16,hmlanding,Legend,2 Day,29,116 Bluefin Tuna
2025-09-16,hmlanding,Producer,2 Day,15,"100 Rockfish, 60 Bluefin Tuna, 50 Bonito, 15 Calico Bass"
2025-09-16,fisherman,Tomahawk,2 Day,23,92 Bluefin Tuna (up to 80 pounds)
2025-09-16,hmlanding,Relentless,2.5 Day,9,0
2025-09-17,fisherman,Dolphin,1/2 Day AM,15,"63 Rockfish, 12 Sheephead, 2 Lingcod"
2025-09-17,seaforth,New Seaforth,1/2 Day AM,25,"7 Calico Bass, 6 Bonito, 2 Yellowtail, 1 Halibut, 1 Sculpin, 1 Sheephead, 1 Whitefish"
2025-09-17,seaforth,New Seaforth,1/2 Day PM,29,"30 Bonito, 10 Calico Bass, 2 Sculpin, 1 Yellowtail"
2025-09-17,hmlanding,Grande,Full Day Coronado Islands,24,"161 Rockfish, 13 Yellowtail"
2025-09-17,seaforth,San Diego,Full Day Coronado Islands,27,"100 Whitefish, 75 Rockfish, 5 Yellowtail"
2025-09-17,seaforth,Sea Watch,Full Day Offshore,4,0
2025-09-17,seaforth,Pacifica,Overnight,25,1 Bluefin Tuna
2025-09-17,hmlanding,Producer,Overnight,15,1 Bluefin Tuna
2025-09-17,fisherman,Fortune,1.5 Day,15,30 Bluefin Tuna
2025-09-17,seaforth,Highliner,1.5 Day,10,20 Bluefin Tuna
2025-09-17,seaforth,Aztec,2 Day,19,76 Bluefin Tuna
2025-09-17,fisherman,Liberty,2 Day,11,44 Bluefin Tuna
2025-09-17,pointloma,New Lo-An,2 Day,22,88 Bluefin Tuna (up to 200 pounds)
2025-09-17,hmlanding,Ocean Odyssey,2.5 Day,22,"250 Rockfish, 88 Bluefin Tuna"
2025-09-17,fisherman,Islander,3 Day,25,150 Bluefin Tuna
2025-09-17,fisherman,Pacific Queen,3 Day,25,150 Bluefin Tuna
2025-09-17,seaforth,Tribute,3 Day,19,"114 Bluefin Tuna, 60 Sheephead, 31 Lingcod"
2025-09-18,fisherman,Dolphin,1/2 Day AM,6,"20 Rockfish, 12 Sheephead, 8 Vermilion Rockfish, 8 Whitefish, 2 Sculpin"
2025-09-18,seaforth,New Seaforth,1/2 Day AM,15,"14 Yellowtail, 10 Bonito, 1 Halibut, 1 White Seabass"
2025-09-18,oceanside,Southern Cal,1/2 Day AM,14,"60 Calico Bass Released, 20 Bonito, 7 Calico Bass"
2025-09-18,fisherman,Dolphin,1/2 Day PM,29,"67 Rockfish, 11 Sculpin, 7 Sheephead, 1 Sand Bass, 1 Cabezon"
2025-09-18,seaforth,New Seaforth,1/2 Day PM,49,"16 Bonito, 13 Calico Bass, 4 Rockfish, 4 Sculpin, 1 Lingcod, 1 Sheephead, 1 Yellowtail"
2025-09-18,seaforth,San Diego,Full Day Coronado Islands,32,"125 Whitefish, 25 Rockfish, 20 Sculpin, 13 Yellowtail, 6 Calico Bass, 6 Sheephead, 2 Barracuda, 1 Lingcod"
2025-09-18,seaforth,Apollo,2.5 Day,15,60 Bluefin Tuna
2025-09-18,fisherman,Pacific Dawn,3 Day,11,66 Bluefin Tuna (up to 100 pounds)
2025-09-18,seaforth,Pacific Voyager,4 Day,17,"102 Bluefin Tuna, 60 Sheephead, 40 Whitefish, 25 Lingcod"
2025-09-18,seaforth,Polaris Supreme,4 Day,10,60 Bluefin Tuna
2025-09-19,seaforth,New Seaforth,1/2 Day AM,49,"21 Rockfish, 19 Bonito, 7 Vermilion Rockfish, 6 Whitefish, 2 Calico Bass, 2 Yellowtail"
2025-09-19,seaforth,New Seaforth,1/2 Day Twilight,28,"60 Bonito, 50 Calico Bass Released, 12 Calico Bass, 1 Sand Bass, 1 Sculpin"
2025-09-19,hmlanding,Producer,Overnight,27,40 Bluefin Tuna
2025-09-19,seaforth,Tribute,Overnight,24,12 Bluefin Tuna
2025-09-19,hmlanding,Ocean Odyssey,1.5 Day,23,34 Bluefin Tuna
2025-09-19,pointloma,Oceanside 95,1.5 Day,19,38 Bluefin Tuna
2025-09-19,seaforth,Pacifica,1.5 Day,17,34 Bluefin Tuna
2025-09-19,pointloma,New Lo-An,2 Day,12,48 Bluefin Tuna (up to 40 pounds)
2025-09-19,hmlanding,Excalibur,2.5 Day,27,"35 Bluefin Tuna, 3 Yellowtail"
2025-09-19,hmlanding,Nautilus,2.5 Day,3,0
2025-09-19,seaforth,Voyager,2.5 Day,8,32 Bluefin Tuna
2025-09-19,pointloma,Game Changer,3.5 Day,6,36 Bluefin Tuna (up to 249 pounds)
2025-09-19,hmlanding,Poseidon,3.5 Day,18,"108 Bluefin Tuna, 1 Yellowtail"
2025-09-19,hmlanding,Ranger 85,3.5 Day,20,120 Bluefin Tuna
2025-09-19,hmlanding,Sea Adventure 80,4 Day,20,"103 Bluefin Tuna, 3 Yellowtail"
2025-09-19,hmlanding,Top Gun 80,4 Day,14,84 Bluefin Tuna
